{
    "name": "WAVRecorder",
    "version": "1.0.1",
    "description": "Arduino Library for voice recording using Electret Microphones for ESP32, ESP8266 and Arduino Due. Dealing with intricates of dealing with sampling, buffering, writing on SD blocks and .WAV format",
    "keywords": "Electret Microphones, WAV, Recording",
    "repository":
    {
      "type": "git",
      "url": "https://github.com/AlirezaSalehy/WAVRecorder"
    },
    "authors":
    [
      {
        "name": "Alireza Salehy",
        "email": "salehia324@gmail.com",
        "url": "https://github.com/AlirezaSalehy/WAVRecorder",
        "maintainer": true
      }
    ],
    "license": "MIT",
    "dependencies": {
      "earlephilhower/ESP8266Audio@^": "1.9.5"
    },
    "frameworks": "Arduino",
    "platforms": "espressif8266,espressif32"
  }